{"cameraMode":{"drawMode":0,"name":"Shaded","section":"Shading Mode"},"sceneLighting":true,"audioPlay":false,"sceneViewState":{"showFog":true,"showMaterialUpdate":true,"showSkybox":true,"showFlares":true,"showImageEffects":true,"showParticleSystems":true},"in2DMode":false,"pivot":{"x":-0.795377254486084,"y":-17.879070281982423,"z":34.70886993408203},"rotation":{"x":-0.22894643247127534,"y":-0.005841750651597977,"z":0.0013739957939833403,"w":-0.9734205603599548},"size":85.88865661621094,"orthographic":false}