{"cameraMode":{"drawMode":0,"name":"Shaded","section":"Shading Mode"},"sceneLighting":false,"audioPlay":false,"sceneViewState":{"showFog":true,"showMaterialUpdate":true,"showSkybox":true,"showFlares":true,"showImageEffects":true,"showParticleSystems":true},"in2DMode":false,"pivot":{"x":0.0,"y":2.957944393157959,"z":0.05799996852874756},"rotation":{"x":0.07941984385251999,"y":-0.0005898500676266849,"z":0.00004697687836596742,"w":0.9968411326408386},"size":10.809085845947266,"orthographic":false}