{"cameraMode":{"drawMode":0,"name":"Shaded","section":"Shading Mode"},"sceneLighting":true,"audioPlay":false,"sceneViewState":{"showFog":true,"showMaterialUpdate":true,"showSkybox":true,"showFlares":true,"showImageEffects":true,"showParticleSystems":true},"in2DMode":false,"pivot":{"x":-9.645072937011719,"y":14.283738136291504,"z":0.6846665143966675},"rotation":{"x":-0.022512584924697877,"y":-0.0030101474840193989,"z":0.000065722138970159,"w":-0.9997420310974121},"size":51.809871673583987,"orthographic":false}