{"cameraMode":{"drawMode":0,"name":"Shaded","section":"Shading Mode"},"sceneLighting":true,"audioPlay":false,"sceneViewState":{"showFog":true,"showMaterialUpdate":true,"showSkybox":true,"showFlares":true,"showImageEffects":true,"showParticleSystems":true},"in2DMode":false,"pivot":{"x":-0.03310710936784744,"y":-7.2355499267578129,"z":70.37161254882813},"rotation":{"x":0.07941984385251999,"y":-0.0005898500676266849,"z":0.00004697687836596742,"w":0.9968411326408386},"size":87.36885070800781,"orthographic":false}