{"cameraMode":{"drawMode":0,"name":"Shaded","section":"Shading Mode"},"sceneLighting":true,"audioPlay":false,"sceneViewState":{"showFog":true,"showMaterialUpdate":true,"showSkybox":true,"showFlares":true,"showImageEffects":true,"showParticleSystems":true},"in2DMode":false,"pivot":{"x":-3.4517269134521486,"y":4.495780944824219,"z":23.983362197875978},"rotation":{"x":-0.021000534296035768,"y":0.01949426345527172,"z":-0.0004098133649677038,"w":-0.9995893239974976},"size":41.581180572509769,"orthographic":false}