{"cameraMode":{"drawMode":0,"name":"Shaded","section":"Shading Mode"},"sceneLighting":true,"audioPlay":false,"sceneViewState":{"showFog":true,"showMaterialUpdate":true,"showSkybox":true,"showFlares":true,"showImageEffects":true,"showParticleSystems":true},"in2DMode":false,"pivot":{"x":-25.946378707885743,"y":7.294195175170898,"z":16.895206451416017},"rotation":{"x":-0.1716574728488922,"y":-0.005922400392591953,"z":0.001029890263453126,"w":-0.9851384162902832},"size":48.83808517456055,"orthographic":false}