{"cameraMode":{"drawMode":0,"name":"Shaded","section":"Shading Mode"},"sceneLighting":true,"audioPlay":false,"sceneViewState":{"showFog":true,"showMaterialUpdate":true,"showSkybox":true,"showFlares":true,"showImageEffects":true,"showParticleSystems":true},"in2DMode":false,"pivot":{"x":-7.091301918029785,"y":17.31304359436035,"z":13.4876708984375},"rotation":{"x":-0.006014532875269651,"y":0.0014890966704115272,"z":-0.000011015402378689032,"w":-0.9999808073043823},"size":58.740150451660159,"orthographic":false}