{"cameraMode":{"drawMode":0,"name":"Shaded","section":"Shading Mode"},"sceneLighting":true,"audioPlay":false,"sceneViewState":{"showFog":true,"showMaterialUpdate":true,"showSkybox":true,"showFlares":true,"showImageEffects":true,"showParticleSystems":true},"in2DMode":false,"pivot":{"x":-17.19609260559082,"y":19.763713836669923,"z":0.21859359741210938},"rotation":{"x":-0.006014532875269651,"y":0.0014890966704115272,"z":-0.000011015402378689032,"w":-0.9999808073043823},"size":40.023399353027347,"orthographic":false}