{"cameraMode":{"drawMode":0,"name":"Shaded","section":"Shading Mode"},"sceneLighting":true,"audioPlay":false,"sceneViewState":{"showFog":true,"showMaterialUpdate":true,"showSkybox":true,"showFlares":true,"showImageEffects":true,"showParticleSystems":true},"in2DMode":false,"pivot":{"x":-18.978588104248048,"y":-23.949703216552736,"z":73.06432342529297},"rotation":{"x":0.17101483047008515,"y":-0.08470894396305084,"z":0.014759483747184277,"w":0.9815093278884888},"size":156.63880920410157,"orthographic":false}