{"cameraMode":{"drawMode":0,"name":"Shaded","section":"Shading Mode"},"sceneLighting":true,"audioPlay":false,"sceneViewState":{"showFog":true,"showMaterialUpdate":true,"showSkybox":true,"showFlares":true,"showImageEffects":true,"showParticleSystems":true},"in2DMode":false,"pivot":{"x":6.348941326141357,"y":-9.799477577209473,"z":70.17658996582031},"rotation":{"x":0.1002361848950386,"y":0.044169988483190539,"z":-0.004454217851161957,"w":0.9939727783203125},"size":107.99826049804688,"orthographic":false}